id;user_name;transaction_amount;transaction_date;transaction_method;processed_by
1;Kentucky;29741;2020-10-05;UPI_ID;Facilitator
2;Representative empowering;28622;2020-10-04;UPI_ID;Kids
3;disintermediate Garden Haiti;73402;2020-10-04;UPI_ID;holistic
4;Automotive;53629;2020-10-04;ONLINE;Sleek Fresh Ball interface multi-state
5;withdrawal navigating scalable;28491;2020-10-05;CASH;grey Gourde US Dollar 4th generation
6;Licensed Awesome;51541;2020-10-04;CASH;Regional Northern Mariana Islands Forest
7;Fantastic;72853;2020-10-05;CASH;Christmas Island synthesizing connecting
8;CFA Franc BEAC;83844;2020-10-05;UPI_ID;Dynamic compressing Awesome Cotton Soap
9;connect Corporate JSON;80985;2020-10-04;CASH;Avon
10;Svalbard & Jan Mayen Islands Group;88171;2020-10-04;ONLINE;Bedfordshire Indonesia SCSI
